Model,Accuracy,Precision,Recall,F1-score
resnet18,69.95954146999325,0.7247108597790336,0.6995954146999326,0.7006051991532585
efficientnet_b3,74.98314227916386,0.7544165151405502,0.7498314227916386,0.7487787339075284
