model,average_accuracy,average_precision,average_recall,average_f1_score
resnet18,69.95872156074518,0.7341816699011693,0.6995872156074516,0.7004406974882836
efficientnet_b3,80.71422487948627,0.8221672647804288,0.8071422487948625,0.8078355034787619
resnet50,77.37663311019129,0.7918157184138903,0.773766331101913,0.7740206447405216
