{"train_loss": [2.801236762164214, 1.4975736803590347, 1.2007685354950055, 1.0320286948805515, 0.9131419255600812, 0.8103579236021733, 0.793031051026227, 0.7776912114069393, 0.7706243480236896, 0.7620234176340633], "train_acc": [32.998258667088805, 58.411165637697216, 66.11260619492376, 70.33138092976624, 74.0092871088597, 76.8086116827608, 77.135771199409, 77.66080945596538, 77.9853305894148, 78.13044166534748], "val_loss": [1.6761399832155024, 1.283726204319724, 1.1316912835463881, 1.0450609495331133, 1.0131122936893786, 0.9931543025055102, 0.9734480561954635, 0.9706065017463905, 0.9706205428977098, 0.9714888815901109], "val_acc": [54.477716856460006, 63.925207366793195, 67.59454519893153, 70.7015324054548, 71.09517784338536, 71.74188106284268, 72.23393786025586, 72.51511317306341, 72.23393786025586, 72.41670181358077]}