{"train_loss": [2.9013847823728596, 1.959526508604145, 1.7449618220811913, 1.6260363346169353, 1.541270652119769, 1.4751889943754786, 1.4239417337052092, 1.3778025758089485, 1.3421161708883267, 1.3111267498469386, 1.2831158461841012, 1.263692578966962, 1.2452934870996617, 1.2283092442794368, 1.214186261057371, 1.2038026481826618, 1.1979763504625494, 1.1876368475989936, 1.1874993441880313, 1.1850749568739722], "train_acc": [34.521397822233475, 58.60977462648772, 65.51236599983118, 69.33822908753271, 72.1406263188993, 74.63492867392588, 76.21971807208575, 77.97121634168988, 79.19726513041276, 80.13632143158605, 81.17877943783236, 81.84772516248839, 82.546214231451, 82.9408289018317, 83.66253059846375, 84.05081455220731, 84.29560226217608, 84.71342956022622, 84.77673672659745, 84.8822486705495], "val_loss": [2.0352928741372747, 1.7550958648002406, 1.6508425547064638, 1.5936165482020206, 1.5488470496891213, 1.5240617921884112, 1.5016524697379243, 1.4842013489428183, 1.4789529164060413, 1.4652446401204995, 1.4559552330764935, 1.4483626420549351, 1.442065403615828, 1.4452128007257585, 1.4425894862456288, 1.4380853043185722, 1.4403439382854983, 1.4367708435161508, 1.4379844601205785, 1.436167929669936], "val_acc": [56.316796040049496, 65.1929350883114, 68.6578917763528, 70.67161660479243, 71.86410169872876, 73.02283721453482, 73.27033412082349, 73.91157610529868, 74.59781752728091, 74.89031387107661, 75.27280908988638, 75.46405669929126, 75.65530430869615, 75.72280346495668, 75.52030599617505, 75.8803014962313, 75.91405107436157, 75.98155023062212, 75.98155023062212, 75.92530093373833]}