{"train_loss": [2.609138292178773, 1.3972973747935533, 1.1266900465073373, 0.9686859328093638, 0.8639724931092719, 0.7636056443859852, 0.7489971967763425, 0.734244221376504, 0.7251324030230081, 0.7159968425950862, 0.7045577927398295, 0.709559685828393, 0.7037856910231947, 0.7017641982488465, 0.6995524601575978, 0.6996751510099521, 0.7025680424150346, 0.6974532042357281, 0.6991251937532232, 0.6982745307016308], "train_acc": [36.361526124757326, 60.863509749303624, 67.83573900565544, 72.07520891364902, 75.08651979404068, 78.11049210770659, 78.32995695112687, 78.84696547649195, 79.09808390309783, 79.2352494302355, 79.46526546805099, 79.53701358993838, 79.63408457837427, 79.80712416645564, 79.6615176838018, 79.876762049464, 79.64252553389043, 79.59610027855153, 79.71849413353591, 79.87043133282688], "val_loss": [1.5276963261606025, 1.1981763371246323, 1.0735201897809832, 0.998674523219359, 0.9535493512483809, 0.9304683760022946, 0.9279036109181616, 0.9224800390305279, 0.923603509023464, 0.9191437442954495, 0.9066917529905871, 0.9143089013937995, 0.914664599428074, 0.9147125281286326, 0.9121654721633564, 0.9117706782258242, 0.9198085891364289, 0.9145578470268696, 0.916937390355755, 0.9078891615001418], "val_acc": [57.00303746203173, 65.350433119586, 69.00663741703228, 71.09911126110923, 72.47159410507369, 73.1353358083024, 73.4278321520981, 73.45033187085161, 73.61907976150299, 73.47283158960514, 73.97907526155923, 73.92282596467544, 74.05782427719653, 73.68657891776353, 73.84407694903814, 73.84407694903814, 73.57408032399594, 73.66407919901002, 73.77657779277759, 74.00157498031274]}